Protocollo;Gruppo;DataOraIncidente;Localizzazione1;STRADA1;Localizzazione2;STRADA2;Strada02;Chilometrica;DaSpecificare;NaturaIncidente;particolaritastrade;TipoStrada;FondoStradale;Pavimentazione;Segnaletica;CondizioneAtmosferica;Traffico;Visibilita;Illuminazione;NUM_FERITI;NUM_RISERVATA;NUM_MORTI;NUM_ILLESI;Longitudine;Latitudine;Confermato;Progressivo;TipoVeicolo;StatoVeicolo;TipoPersona;Sesso;Tipolesione;Deceduto;DecedutoDopo;CinturaCascoUtilizzato;Airbag
1936372;5;19/02/2013 16:20;Strada Urbana;VIA DEI MONTI TIBURTINI;in prossimità;;del civico n. ;426;;Scontro frontale/laterale DX fra veicoli in marcia;Rettilineo;Due carreggiate;Asciutto;Asfaltata;Orizzontale;Sereno;Normale;Buona;Ore Diurne;1;0;0;4;;;-1;1;Autovettura privata;In marcia / fermata / arresto;Passeggero;F;Illeso;0;;Non accertato;Inesploso
1936372;5;19/02/2013 16:20;Strada Urbana;VIA DEI MONTI TIBURTINI;in prossimità;;del civico n. ;426;;Scontro frontale/laterale DX fra veicoli in marcia;Rettilineo;Due carreggiate;Asciutto;Asfaltata;Orizzontale;Sereno;Normale;Buona;Ore Diurne;1;0;0;4;;;-1;1;Autovettura privata;In marcia / fermata / arresto;Passeggero;F;Illeso;0;;Non accertato;Inesploso
1936372;5;19/02/2013 16:20;Strada Urbana;VIA DEI MONTI TIBURTINI;in prossimità;;del civico n. ;426;;Scontro frontale/laterale DX fra veicoli in marcia;Rettilineo;Due carreggiate;Asciutto;Asfaltata;Orizzontale;Sereno;Normale;Buona;Ore Diurne;1;0;0;4;;;-1;2;Motociclo a solo;In marcia / fermata / arresto;Conducente;M;Ricoverato;0;NON DECEDUTO;Non accertato;Inesistente
1936374;5;19/02/2013 22:40;Strada Urbana;VIA BELMONTE IN SABINA;da specificare;;;;circa 200 mt. dallo svincolo per via S. Alessandro;Scontro laterale fra veicoli in marcia;Rettilineo;Due carreggiate;Asciutto;Asfaltata;Orizzontale;Sereno;Scarso;Sufficiente;Sufficiente;0;0;0;1;;;-1;1;Autovettura privata;In marcia / fermata / arresto;Conducente;M;Illeso;0;;Non accertato;Inesploso
1936375;6;19/02/2013 21:30;Strada Urbana;VIA DEI GORDIANI;da specificare;;;;altezza campo sportivo;Veicolo in marcia contro ostacolo fisso;Rettilineo;Una carreggiata a doppio senso;Asciutto;Asfaltata;Verticale ed orizzontale;Sereno;Scarso;Sufficiente;Sufficiente;0;0;0;1;;;-1;1;Autovettura privata;In marcia / fermata / arresto;Conducente;M;Illeso;0;;Non accertato;Inesploso
1936376;8;19/02/2013 21:20;Strada Urbana;VIA MARIO SOLDATI;da specificare;;;;alt rampa GRA direzione Napoli;Veicolo in marcia contro ostacolo accidentale;Rettilineo;Una carreggiata a senso unico di marcia;Asciutto;Asfaltata;Verticale ed orizzontale;Sereno;Scarso;Buona;Insufficiente;0;0;0;1;;;-1;1;Autovettura privata;In marcia / fermata / arresto;Conducente;F;Illeso;0;;Non accertato;Inesistente
1936377;8;19/02/2013 18:30;Strada Urbana;VIA DI PASSOLOMBARDO;all'intersezione con;VIA MICHELE PANTANELLA;VIA MICHELE PANTANELLA;;;Veicolo in marcia contro ostacolo accidentale;Incrocio;Una carreggiata a doppio senso;Asciutto;Asfaltata;Verticale ed orizzontale;Sereno;Normale;Sufficiente;Sufficiente;0;0;0;1;;;-1;1;Autovettura privata;In marcia / fermata / arresto;Conducente;F;Illeso;0;;Non accertato;Inesistente
1936378;8;19/02/2013 18:15;Strada Urbana;VIA DI TOR BELLA MONACA;da specificare;;;;alt rampa di immissione da via P. Anderloni;Veicolo in marcia contro ostacolo fisso;Rettilineo;Due carreggiate;Asciutto;Asfaltata;Verticale ed orizzontale;Sereno;Normale;Sufficiente;Sufficiente;2;0;0;0;;;-1;1;Autovettura privata;In marcia / fermata / arresto;Conducente;M;Rimandato;0;NON DECEDUTO;Non accertato;Esploso
1936378;8;19/02/2013 18:15;Strada Urbana;VIA DI TOR BELLA MONACA;da specificare;;;;alt rampa di immissione da via P. Anderloni;Veicolo in marcia contro ostacolo fisso;Rettilineo;Due carreggiate;Asciutto;Asfaltata;Verticale ed orizzontale;Sereno;Normale;Sufficiente;Sufficiente;2;0;0;0;;;-1;1;Autovettura privata;In marcia / fermata / arresto;Passeggero;F;Rimandato;0;NON DECEDUTO;Non accertato;Esploso
1936379;8;19/02/2013 14:10;Strada Urbana;VIA DI TOR BELLA MONACA;da specificare;;;;prossimità intersezione via Casilina ;Investimento di pedone;Rettilineo;Due carreggiate;Asciutto;Asfaltata;Verticale ed orizzontale;Sereno;Normale;Buona;Ore Diurne;1;0;0;1;;;-1;;;;Pedone;M;Rimandato;0;NON DECEDUTO;;
1936379;8;19/02/2013 14:10;Strada Urbana;VIA DI TOR BELLA MONACA;da specificare;;;;prossimità intersezione via Casilina ;Investimento di pedone;Rettilineo;Due carreggiate;Asciutto;Asfaltata;Verticale ed orizzontale;Sereno;Normale;Buona;Ore Diurne;1;0;0;1;;;-1;1;Autovettura privata;In marcia / fermata / arresto;Conducente;M;Illeso;0;;Non accertato;Inesploso
1936380;9;19/02/2013 05:50;Strada Urbana;VIA TUSCOLANA;da specificare;;;;L.go VOLUMNIA;Scontro laterale fra veicoli in marcia;Rettilineo;Una carreggiata a senso unico di marcia;Asciutto;Asfaltata;Verticale;Sereno;Normale;Buona;Ore Diurne;2;0;0;3;;;-1;1;Autovettura privata;In marcia / fermata / arresto;Conducente;M;Illeso;0;;Utilizzato;Inesistente
1936380;9;19/02/2013 05:50;Strada Urbana;VIA TUSCOLANA;da specificare;;;;L.go VOLUMNIA;Scontro laterale fra veicoli in marcia;Rettilineo;Una carreggiata a senso unico di marcia;Asciutto;Asfaltata;Verticale;Sereno;Normale;Buona;Ore Diurne;2;0;0;3;;;-1;2;Autovettura privata;In marcia / fermata / arresto;Conducente;M;Rimandato;0;NON DECEDUTO;Non accertato;Inesistente
1936380;9;19/02/2013 05:50;Strada Urbana;VIA TUSCOLANA;da specificare;;;;L.go VOLUMNIA;Scontro laterale fra veicoli in marcia;Rettilineo;Una carreggiata a senso unico di marcia;Asciutto;Asfaltata;Verticale;Sereno;Normale;Buona;Ore Diurne;2;0;0;3;;;-1;3;Autovettura privata;In marcia / fermata / arresto;Conducente;M;Illeso;0;;Non accertato;Inesistente
1936380;9;19/02/2013 05:50;Strada Urbana;VIA TUSCOLANA;da specificare;;;;L.go VOLUMNIA;Scontro laterale fra veicoli in marcia;Rettilineo;Una carreggiata a senso unico di marcia;Asciutto;Asfaltata;Verticale;Sereno;Normale;Buona;Ore Diurne;2;0;0;3;;;-1;3;Autovettura privata;In marcia / fermata / arresto;Passeggero;F;Rimandato;0;NON DECEDUTO;Non accertato;Inesistente
1936380;9;19/02/2013 05:50;Strada Urbana;VIA TUSCOLANA;da specificare;;;;L.go VOLUMNIA;Scontro laterale fra veicoli in marcia;Rettilineo;Una carreggiata a senso unico di marcia;Asciutto;Asfaltata;Verticale;Sereno;Normale;Buona;Ore Diurne;2;0;0;3;;;-1;4;Autovettura privata;In marcia / fermata / arresto;Conducente;M;Illeso;0;;Non accertato;Inesistente
1936381;8;19/02/2013 15:15;Strada Urbana;VIALE DELLA SORBONA;in corrispondenza;;del palo luce n. ;21;;Veicolo in marcia contro ostacolo fisso;Curva a visuale libera;Due carreggiate;Asciutto;Asfaltata;Verticale ed orizzontale;Sereno;Normale;Buona;Ore Diurne;0;0;0;1;;;-1;1;Autovettura privata;In marcia / fermata / arresto;Conducente;F;Illeso;0;;Non accertato;Inesploso
1936382;8;19/02/2013 13:20;Strada Urbana;VIALE OXFORD;da specificare;;;;rotatoria PTV;Tamponamento;Rotatoria;Una carreggiata a senso unico di marcia;Asciutto;Asfaltata;Verticale ed orizzontale;Sereno;Normale;Buona;Ore Diurne;0;0;0;3;;;-1;1;Autovettura privata;In marcia / fermata / arresto;Conducente;M;Illeso;0;;Non accertato;Inesistente
1936382;8;19/02/2013 13:20;Strada Urbana;VIALE OXFORD;da specificare;;;;rotatoria PTV;Tamponamento;Rotatoria;Una carreggiata a senso unico di marcia;Asciutto;Asfaltata;Verticale ed orizzontale;Sereno;Normale;Buona;Ore Diurne;0;0;0;3;;;-1;2;Autovettura privata;In marcia / fermata / arresto;Conducente;M;Illeso;0;;Non accertato;Inesistente
1936382;8;19/02/2013 13:20;Strada Urbana;VIALE OXFORD;da specificare;;;;rotatoria PTV;Tamponamento;Rotatoria;Una carreggiata a senso unico di marcia;Asciutto;Asfaltata;Verticale ed orizzontale;Sereno;Normale;Buona;Ore Diurne;0;0;0;3;;;-1;2;Autovettura privata;In marcia / fermata / arresto;Passeggero;F;Illeso;0;;Non accertato;Inesistente
1936383;10;19/02/2013 08:45;Strada Urbana;LARGO DEI CADUTI DI EL ALAMEIN;in corrispondenza;;del civico n. ;9;;Investimento di pedone;Rettilineo;Una carreggiata a senso unico di marcia;Asciutto;Asfaltata;Verticale ed orizzontale;Sereno;Intenso;Buona;Ore Diurne;0;0;0;2;;;-1;;;;Pedone;F;Illeso;0;;;
1936383;10;19/02/2013 08:45;Strada Urbana;LARGO DEI CADUTI DI EL ALAMEIN;in corrispondenza;;del civico n. ;9;;Investimento di pedone;Rettilineo;Una carreggiata a senso unico di marcia;Asciutto;Asfaltata;Verticale ed orizzontale;Sereno;Intenso;Buona;Ore Diurne;0;0;0;2;;;-1;1;Motociclo a solo;In marcia / fermata / arresto;Conducente;M;Illeso;0;;Utilizzato;Inesistente
1936384;20;19/02/2013 10:45;Strada Urbana;VIA DEL FORO ITALICO;da specificare;;;;INGRESSO GALLERIA FLEMING;Tamponamento;Rettilineo;Due carreggiate;Asciutto;Asfaltata;Orizzontale;Sereno;Intenso;Buona;Ore Diurne;0;0;0;3;;;-1;1;Autocarro inferiore 35 q.;In marcia / fermata / arresto;Conducente;M;Illeso;0;;Non accertato;Inesistente
1936384;20;19/02/2013 10:45;Strada Urbana;VIA DEL FORO ITALICO;da specificare;;;;INGRESSO GALLERIA FLEMING;Tamponamento;Rettilineo;Due carreggiate;Asciutto;Asfaltata;Orizzontale;Sereno;Intenso;Buona;Ore Diurne;0;0;0;3;;;-1;1;Autocarro inferiore 35 q.;In marcia / fermata / arresto;Passeggero;M;Illeso;0;;Non accertato;Inesistente
1936384;20;19/02/2013 10:45;Strada Urbana;VIA DEL FORO ITALICO;da specificare;;;;INGRESSO GALLERIA FLEMING;Tamponamento;Rettilineo;Due carreggiate;Asciutto;Asfaltata;Orizzontale;Sereno;Intenso;Buona;Ore Diurne;0;0;0;3;;;-1;2;Autovettura privata;In marcia / fermata / arresto;Conducente;M;Illeso;0;;Non accertato;Inesistente
1936385;20;19/02/2013 14:05;Statale entro l'abitato;VIA FLAMINIA;in corrispondenza;;del civico n. ;732;;Tamponamento Multiplo;Rettilineo;Una carreggiata a doppio senso;Asciutto;Asfaltata;Verticale ed orizzontale;Sereno;Normale;Buona;Ore Diurne;2;0;0;1;;;-1;1;Autovettura privata;In marcia / fermata / arresto;Conducente;M;Illeso;0;;Non accertato;Inesploso
1936385;20;19/02/2013 14:05;Statale entro l'abitato;VIA FLAMINIA;in corrispondenza;;del civico n. ;732;;Tamponamento Multiplo;Rettilineo;Una carreggiata a doppio senso;Asciutto;Asfaltata;Verticale ed orizzontale;Sereno;Normale;Buona;Ore Diurne;2;0;0;1;;;-1;2;Autovettura privata;In marcia / fermata / arresto;Conducente;M;Rifiuta cure immediate;0;NON DECEDUTO;Non accertato;Inesploso
1936385;20;19/02/2013 14:05;Statale entro l'abitato;VIA FLAMINIA;in corrispondenza;;del civico n. ;732;;Tamponamento Multiplo;Rettilineo;Una carreggiata a doppio senso;Asciutto;Asfaltata;Verticale ed orizzontale;Sereno;Normale;Buona;Ore Diurne;2;0;0;1;;;-1;3;Quadriciclo leggero;In marcia / fermata / arresto;Conducente;M;Rifiuta cure immediate;0;NON DECEDUTO;Non accertato;Inesistente
1936386;20;19/02/2013 17:10;Statale entro l'abitato;VIA FLAMINIA;all'intersezione con;VIA DEL LABARO;VIA DEL LABARO;;;Scontro frontale fra veicoli in marcia;Incrocio;Una carreggiata a doppio senso;Asciutto;Asfaltata;Verticale ed orizzontale;Sereno;Intenso;Buona;Ore Diurne;1;0;0;1;;;-1;1;Autovettura privata;In marcia / fermata / arresto;Conducente;M;Illeso;0;;Non accertato;Inesploso
1936386;20;19/02/2013 17:10;Statale entro l'abitato;VIA FLAMINIA;all'intersezione con;VIA DEL LABARO;VIA DEL LABARO;;;Scontro frontale fra veicoli in marcia;Incrocio;Una carreggiata a doppio senso;Asciutto;Asfaltata;Verticale ed orizzontale;Sereno;Intenso;Buona;Ore Diurne;1;0;0;1;;;-1;2;Autovettura privata;In marcia / fermata / arresto;Conducente;M;Rifiuta cure immediate;0;NON DECEDUTO;Non accertato;Inesploso
1936387;10;19/02/2013 08:20;Strada Urbana;VIA DELLA STAZIONE DI CIAMPINO;all'intersezione con;VIA DEL CASALE AGOSTINELLI;VIA DEL CASALE AGOSTINELLI;;;Scontro laterale fra veicoli in marcia;Intersezione stradale segnalata;Una carreggiata a doppio senso;Asciutto;Asfaltata;Assente;Sereno;Normale;Buona;Ore Diurne;0;0;0;4;;;-1;1;Autovettura privata;In marcia / fermata / arresto;Conducente;M;Illeso;0;;Non accertato;Inesistente
1936387;10;19/02/2013 08:20;Strada Urbana;VIA DELLA STAZIONE DI CIAMPINO;all'intersezione con;VIA DEL CASALE AGOSTINELLI;VIA DEL CASALE AGOSTINELLI;;;Scontro laterale fra veicoli in marcia;Intersezione stradale segnalata;Una carreggiata a doppio senso;Asciutto;Asfaltata;Assente;Sereno;Normale;Buona;Ore Diurne;0;0;0;4;;;-1;2;Autovettura privata;In marcia / fermata / arresto;Conducente;M;Illeso;0;;Non accertato;Inesistente
1936387;10;19/02/2013 08:20;Strada Urbana;VIA DELLA STAZIONE DI CIAMPINO;all'intersezione con;VIA DEL CASALE AGOSTINELLI;VIA DEL CASALE AGOSTINELLI;;;Scontro laterale fra veicoli in marcia;Intersezione stradale segnalata;Una carreggiata a doppio senso;Asciutto;Asfaltata;Assente;Sereno;Normale;Buona;Ore Diurne;0;0;0;4;;;-1;2;Autovettura privata;In marcia / fermata / arresto;Passeggero;F;Illeso;0;;Non accertato;Inesistente
1936387;10;19/02/2013 08:20;Strada Urbana;VIA DELLA STAZIONE DI CIAMPINO;all'intersezione con;VIA DEL CASALE AGOSTINELLI;VIA DEL CASALE AGOSTINELLI;;;Scontro laterale fra veicoli in marcia;Intersezione stradale segnalata;Una carreggiata a doppio senso;Asciutto;Asfaltata;Assente;Sereno;Normale;Buona;Ore Diurne;0;0;0;4;;;-1;2;Autovettura privata;In marcia / fermata / arresto;Passeggero;F;Illeso;0;;Non accertato;Inesistente
1936388;10;19/02/2013 16:45;Statale entro l'abitato;VIA APPIA NUOVA;in prossimità;;del civico n. ;1255;;Veicolo in marcia contro ostacolo fisso;Curva a visuale libera;Una carreggiata a senso unico di marcia;Asciutto;Asfaltata;Orizzontale;Sereno;Normale;Buona;Ore Diurne;0;0;0;1;;;-1;1;Autovettura privata;In marcia / fermata / arresto;Conducente;M;Illeso;0;;Non accertato;Inesploso
1936389;15;19/02/2013 18:15;Strada Urbana;VIA PIAN DUE TORRI;all'intersezione semaforizzata con;VIA DELLA MAGLIANA;VIA DELLA MAGLIANA;;;Investimento di pedone;Intersezione semaforizzata;Una carreggiata a doppio senso;Asciutto;Asfaltata;Verticale ed orizzontale;Nuvoloso;Normale;Buona;Sufficiente;1;0;0;1;;;-1;;;;Pedone;F;Rimandato;0;NON DECEDUTO;;
1936389;15;19/02/2013 18:15;Strada Urbana;VIA PIAN DUE TORRI;all'intersezione semaforizzata con;VIA DELLA MAGLIANA;VIA DELLA MAGLIANA;;;Investimento di pedone;Intersezione semaforizzata;Una carreggiata a doppio senso;Asciutto;Asfaltata;Verticale ed orizzontale;Nuvoloso;Normale;Buona;Sufficiente;1;0;0;1;;;-1;1;Autovettura privata;In marcia / fermata / arresto;Conducente;M;Illeso;0;;Utilizzato;Inesistente
1936391;11;19/02/2013 11:15;Strada Urbana;VIA DI VIGNA MURATA;in prossimità;;del civico n. ;400;;Scontro laterale fra veicoli in marcia;Rettilineo;Due carreggiate;Asciutto;Asfaltata;Verticale ed orizzontale;Sereno;Normale;Buona;Ore Diurne;0;0;0;2;;;-1;1;Autovettura privata;In marcia / fermata / arresto;Conducente;M;Illeso;0;;Non accertato;Inesistente
1936391;11;19/02/2013 11:15;Strada Urbana;VIA DI VIGNA MURATA;in prossimità;;del civico n. ;400;;Scontro laterale fra veicoli in marcia;Rettilineo;Due carreggiate;Asciutto;Asfaltata;Verticale ed orizzontale;Sereno;Normale;Buona;Ore Diurne;0;0;0;2;;;-1;2;Motociclo a solo;In marcia / fermata / arresto;Conducente;M;Illeso;0;;Non accertato;Inesistente
1936392;15;20/02/2013 00:10;Strada Urbana;VIA DEL MONTE DELLE CAPRE;all'intersezione con;VIA CASTIGLIONE DELLA PESCAIA;VIA CASTIGLIONE DELLA PESCAIA;;;Scontro laterale fra veicoli in marcia;Incrocio;Una carreggiata a doppio senso;Asciutto;Asfaltata;Verticale;Sereno;Scarso;Buona;Sufficiente;1;0;0;1;;;-1;1;Ciclomotore;In marcia / fermata / arresto;Conducente;M;Rimandato;0;NON DECEDUTO;Utilizzato;Inesistente
1936392;15;20/02/2013 00:10;Strada Urbana;VIA DEL MONTE DELLE CAPRE;all'intersezione con;VIA CASTIGLIONE DELLA PESCAIA;VIA CASTIGLIONE DELLA PESCAIA;;;Scontro laterale fra veicoli in marcia;Incrocio;Una carreggiata a doppio senso;Asciutto;Asfaltata;Verticale;Sereno;Scarso;Buona;Sufficiente;1;0;0;1;;;-1;1;Ciclomotore;In marcia / fermata / arresto;Passeggero;M;Illeso;0;;Utilizzato;Inesistente
1936393;13;19/02/2013 12:00;Strada Urbana;VIA GIUSEPPE MICALI;all'intersezione con;VIA AGOSTINO CHIGI;VIA AGOSTINO CHIGI;;;Tamponamento;Incrocio;Una carreggiata a doppio senso;Asciutto;Asfaltata;Assente;Sereno;Scarso;Buona;Ore Diurne;0;0;0;3;;;-1;1;Autovettura privata;In marcia / fermata / arresto;Conducente;M;Illeso;0;;Non accertato;Inesploso
1936393;13;19/02/2013 12:00;Strada Urbana;VIA GIUSEPPE MICALI;all'intersezione con;VIA AGOSTINO CHIGI;VIA AGOSTINO CHIGI;;;Tamponamento;Incrocio;Una carreggiata a doppio senso;Asciutto;Asfaltata;Assente;Sereno;Scarso;Buona;Ore Diurne;0;0;0;3;;;-1;1;Autovettura privata;In marcia / fermata / arresto;Passeggero;F;Illeso;0;;Non accertato;Inesploso
1936393;13;19/02/2013 12:00;Strada Urbana;VIA GIUSEPPE MICALI;all'intersezione con;VIA AGOSTINO CHIGI;VIA AGOSTINO CHIGI;;;Tamponamento;Incrocio;Una carreggiata a doppio senso;Asciutto;Asfaltata;Assente;Sereno;Scarso;Buona;Ore Diurne;0;0;0;3;;;-1;2;Autovettura privata;In marcia / fermata / arresto;Conducente;F;Illeso;0;;Non accertato;Inesploso
1936394;9;19/02/2013 09:00;Strada Urbana;VIA DI PORTA FURBA;da specificare;;;;altezza civ. 28;Scontro laterale fra veicoli in marcia;Rettilineo;Una carreggiata a doppio senso;Asciutto;Asfaltata;Orizzontale;Sereno;Normale;Sufficiente;Ore Diurne;1;0;0;1;;;-1;1;Motociclo a solo;In marcia / fermata / arresto;Conducente;F;Rimandato;0;NON DECEDUTO;Utilizzato;Inesistente
1936394;9;19/02/2013 09:00;Strada Urbana;VIA DI PORTA FURBA;da specificare;;;;altezza civ. 28;Scontro laterale fra veicoli in marcia;Rettilineo;Una carreggiata a doppio senso;Asciutto;Asfaltata;Orizzontale;Sereno;Normale;Sufficiente;Ore Diurne;1;0;0;1;;;-1;2;Autovettura privata;In marcia / fermata / arresto;Conducente;M;Illeso;0;;Utilizzato;Inesistente
1936395;11;19/02/2013 11:00;Strada Urbana;VIALE GUGLIELMO MARCONI;all'intersezione semaforizzata con;VIA GIBILMANNA;VIA GIBILMANNA;;;Scontro frontale fra veicoli in marcia;Intersezione semaforizzata;Due carreggiate;Asciutto;Asfaltata;Verticale ed orizzontale;Sereno;Normale;Sufficiente;Ore Diurne;1;0;0;1;;;-1;1;Autovettura privata;In marcia / fermata / arresto;Conducente;M;Illeso;0;;Utilizzato;Inesistente
1936395;11;19/02/2013 11:00;Strada Urbana;VIALE GUGLIELMO MARCONI;all'intersezione semaforizzata con;VIA GIBILMANNA;VIA GIBILMANNA;;;Scontro frontale fra veicoli in marcia;Intersezione semaforizzata;Due carreggiate;Asciutto;Asfaltata;Verticale ed orizzontale;Sereno;Normale;Sufficiente;Ore Diurne;1;0;0;1;;;-1;2;Motociclo a solo;In marcia / fermata / arresto;Conducente;F;Rimandato;0;NON DECEDUTO;Non accertato;Inesistente
1936396;13;19/02/2013 10:40;Strada Urbana;VIA ISOLE SALOMONE;all'intersezione con;VIA DELLE MOLUCCHE;VIA DELLE MOLUCCHE;;;Scontro frontale/laterale DX fra veicoli in marcia;Incrocio;Una carreggiata a doppio senso;Asciutto;Asfaltata;Verticale ed orizzontale;Sereno;Normale;Buona;Ore Diurne;0;0;0;2;;;-1;1;Autovettura privata;In marcia / fermata / arresto;Conducente;M;Illeso;0;;Non accertato;Inesploso
1936396;13;19/02/2013 10:40;Strada Urbana;VIA ISOLE SALOMONE;all'intersezione con;VIA DELLE MOLUCCHE;VIA DELLE MOLUCCHE;;;Scontro frontale/laterale DX fra veicoli in marcia;Incrocio;Una carreggiata a doppio senso;Asciutto;Asfaltata;Verticale ed orizzontale;Sereno;Normale;Buona;Ore Diurne;0;0;0;2;;;-1;2;Autovettura privata;In marcia / fermata / arresto;Conducente;F;Illeso;0;;Non accertato;Inesploso
1936397;13;19/02/2013 10:45;Strada Urbana;PIAZZA FONTE DEGLI ACILII;da specificare;;;;sulla piazza;Scontro frontale/laterale SX fra veicoli in marcia;Curva a visuale libera;Una carreggiata a senso unico di marcia;Asciutto;Asfaltata;Orizzontale;Sereno;Normale;Buona;Ore Diurne;0;0;0;2;;;-1;1;Autovettura privata;In marcia / fermata / arresto;Conducente;M;Illeso;0;;Non accertato;Inesploso
1936397;13;19/02/2013 10:45;Strada Urbana;PIAZZA FONTE DEGLI ACILII;da specificare;;;;sulla piazza;Scontro frontale/laterale SX fra veicoli in marcia;Curva a visuale libera;Una carreggiata a senso unico di marcia;Asciutto;Asfaltata;Orizzontale;Sereno;Normale;Buona;Ore Diurne;0;0;0;2;;;-1;2;Autovettura privata;In marcia / fermata / arresto;Conducente;M;Illeso;0;;Non accertato;Inesploso
1936398;13;19/02/2013 22:30;Strada Urbana;VIALE DEI ROMAGNOLI;in corrispondenza;;del civico n. ;2113;;Veicolo in marcia contro ostacolo fisso;Rettilineo;Una carreggiata a doppio senso;Asciutto;Asfaltata;Orizzontale;Sereno;Normale;Buona;Sufficiente;0;0;0;1;;;-1;1;Autovettura privata;In marcia / fermata / arresto;Conducente;M;Illeso;0;;Non accertato;Esploso
1936399;13;19/02/2013 21:30;Strada Urbana;VIA FEDERICO BAZZINI;in corrispondenza;;del civico n. ;129;;Veicolo in marcia contro ostacolo fisso;Rettilineo;Una carreggiata a doppio senso;Asciutto;Asfaltata;Assente;Sereno;Scarso;Buona;Sufficiente;0;0;0;1;;;-1;1;Autovettura privata;In marcia / fermata / arresto;Conducente;F;Illeso;0;;Non accertato;Inesploso
1936400;13;19/02/2013 00:30;Strada Urbana;VIALE CHARLES LENORMANT;all'intersezione con;VIADOTTO ZELIA NUTTALL;VIADOTTO ZELIA NUTTALL;;;Veicolo in marcia contro ostacolo fisso;Rotatoria;Una carreggiata a doppio senso;Asciutto;Asfaltata;Verticale ed orizzontale;Sereno;Scarso;Buona;Sufficiente;1;0;0;0;;;-1;1;Motociclo con passeggero;In marcia / fermata / arresto;Conducente;M;Rimandato;0;NON DECEDUTO;Non accertato;Inesistente
1936401;13;19/02/2013 14:05;Strada Urbana;VIA DI PONTE LADRONE;all'intersezione con;VIA PADRE ANTONIO COCCHI;VIA PADRE ANTONIO COCCHI;;;Scontro frontale/laterale SX fra veicoli in marcia;Incrocio;Una carreggiata a doppio senso;Asciutto;Asfaltata;Verticale ed orizzontale;Sereno;Normale;Insufficiente;Ore Diurne;1;0;0;2;;;-1;1;Autovettura privata;In marcia / fermata / arresto;Conducente;F;Illeso;0;;Non accertato;Inesploso
1936401;13;19/02/2013 14:05;Strada Urbana;VIA DI PONTE LADRONE;all'intersezione con;VIA PADRE ANTONIO COCCHI;VIA PADRE ANTONIO COCCHI;;;Scontro frontale/laterale SX fra veicoli in marcia;Incrocio;Una carreggiata a doppio senso;Asciutto;Asfaltata;Verticale ed orizzontale;Sereno;Normale;Insufficiente;Ore Diurne;1;0;0;2;;;-1;1;Autovettura privata;In marcia / fermata / arresto;Passeggero;M;Illeso;0;;Non accertato;Inesploso
1936401;13;19/02/2013 14:05;Strada Urbana;VIA DI PONTE LADRONE;all'intersezione con;VIA PADRE ANTONIO COCCHI;VIA PADRE ANTONIO COCCHI;;;Scontro frontale/laterale SX fra veicoli in marcia;Incrocio;Una carreggiata a doppio senso;Asciutto;Asfaltata;Verticale ed orizzontale;Sereno;Normale;Insufficiente;Ore Diurne;1;0;0;2;;;-1;2;Motociclo con passeggero;In marcia / fermata / arresto;Conducente;M;Rimandato;0;NON DECEDUTO;Utilizzato;Inesistente
1936402;13;19/02/2013 15:45;Strada Urbana;VIA DI CASTEL FUSANO;da specificare;;;;prossimità Via Ostiense;Scontro laterale fra veicoli in marcia;Pendenza;Una carreggiata a doppio senso;Asciutto;Asfaltata;Orizzontale;Sereno;Intenso;Buona;Ore Diurne;0;0;0;3;;;-1;1;Autovettura privata;In marcia / fermata / arresto;Conducente;M;Illeso;0;;Non accertato;Inesploso
1936402;13;19/02/2013 15:45;Strada Urbana;VIA DI CASTEL FUSANO;da specificare;;;;prossimità Via Ostiense;Scontro laterale fra veicoli in marcia;Pendenza;Una carreggiata a doppio senso;Asciutto;Asfaltata;Orizzontale;Sereno;Intenso;Buona;Ore Diurne;0;0;0;3;;;-1;1;Autovettura privata;In marcia / fermata / arresto;Passeggero;M;Illeso;0;;Non accertato;Inesploso
1936402;13;19/02/2013 15:45;Strada Urbana;VIA DI CASTEL FUSANO;da specificare;;;;prossimità Via Ostiense;Scontro laterale fra veicoli in marcia;Pendenza;Una carreggiata a doppio senso;Asciutto;Asfaltata;Orizzontale;Sereno;Intenso;Buona;Ore Diurne;0;0;0;3;;;-1;2;Autovettura privata;In marcia / fermata / arresto;Conducente;F;Illeso;0;;Non accertato;Inesploso
1936403;13;19/02/2013 18:20;Strada Urbana;VIA ANTONIO CRIMINALI;in corrispondenza;;del civico n. ;22;;Veicolo in marcia contro veicoli in sosta;Rettilineo;Una carreggiata a senso unico di marcia;Asciutto;Asfaltata;Orizzontale;Sereno;Normale;Buona;Ore Diurne;0;0;0;1;;;-1;2;Autovettura privata;In marcia / fermata / arresto;Conducente;M;Illeso;0;;Non accertato;Inesploso
1936404;12;18/02/2013 23:15;Strada Urbana;VIA CRISTOFORO COLOMBO;da specificare;;;;dir. GRA alt Piaz. 25 Marzo 1957, fronte ENI;Veicolo in marcia contro ostacolo fisso;Rettilineo;Due carreggiate;Asciutto;Asfaltata;Orizzontale;Sereno;Scarso;Sufficiente;Insufficiente;0;0;0;1;;;-1;1;Autovettura privata;In marcia / fermata / arresto;Conducente;M;Illeso;0;;Utilizzato;Inesploso
1936405;19;20/02/2013 03:00;Strada Urbana;VIA TRIONFALE;in prossimità;;del civico n. ;10255;;Scontro frontale fra veicoli in marcia;Curva a visuale libera;Una carreggiata a doppio senso;Asciutto;Asfaltata;Orizzontale;Sereno;Scarso;Buona;Sufficiente;2;0;0;1;;;-1;1;Autovettura privata;In marcia / fermata / arresto;Conducente;F;Illeso;0;;Non accertato;Inesistente